Algorithm,Nx,Nt,gctimes,time,memory,allocs
Tsit5,100,200,0.0,3.10703e7,2.5013464e7,79301.0
DP5,100,200,0.0,3.069155e7,2.434204e7,85221.0
RK4,100,200,0.0,2.85669e7,2.0443512e7,75825.0
Vern7,100,200,0.0,2.9238e7,2.2165784e7,73685.0
"CVODE_BDF{:Newton, :Dense, Nothing, Nothing}",100,200,7.6853e6,1.483555e8,5.638436e7,248280.0
"Rosenbrock23{0, true, Nothing, typeof",100,200,1.0397775e8,1.3817402e9,1.62496452e9,4.355647e6
"KenCarp4{0, true, Nothing, NLNewton{Rational{Int64}, Rational{Int64}, Rational{Int64}, Rational{Int64}}, typeof",100,200,7.9243e6,1.104076e8,5.5263848e7,166983.0
Midpoint,100,200,8.2168e6,5.737505e7,4.9419576e7,148179.0
