Algorithm,Nx,Nt,gctimes,time,memory,allocs
"KenCarp4{0, true, Nothing, NLNewton{Rational{Int64}, Rational{Int64}, Rational{Int64}, Rational{Int64}}, typeof",100,200,0.0,1.859223e8,5.970344e6,81308.0
Tsit5,100,200,1.16991e7,4.280309e8,6.09374e7,566706.0
DP5,100,200,1.30524e7,4.660047e8,5.4969144e7,632334.0
Vern7,100,200,1.16824e7,4.985012e8,6.76518e7,658199.0
RK4,100,200,1.07477e7,7.401453e8,5.739636e7,556119.0
Midpoint,100,200,4.1443e7,3.0432841e9,2.8443596e8,1.523897e6
"Rosenbrock23{0, true, Nothing, typeof",100,200,4.05821e7,4.7629072e9,6.33395664e8,612929.0
